{
  "args": {}, 
  "data": "", 
  "files": {}, 
  "form": {}, 
  "headers": {
    "Accept": "application/json", 
    "Authorizate": "Bearer_eyJ0eXAiOiJKV1QiLCJhbGciOiJIUzI1NiJ9.eyJzdWIiOiJVc2VyIGRldGFpbHMiLCJuYW1lIjoidXNlcjIiLCJpc3MiOiJtZXNzYWdlcyIsImV4cCI6MTY2ODk0MTkxNSwiaWF0IjoxNjY4OTM0NzE1fQ.Q_CN6L67iQC2C_Ir6_kNm97wOHPc3ERzMs5TDfS7Zbo", 
    "Content-Type": "text/plain", 
    "Host": "httpbin.org", 
    "User-Agent": "curl/7.79.1", 
    "X-Amzn-Trace-Id": "Root=1-6379ec6c-1da698cd746f2d5b19d4daf7"
  }, 
  "json": null, 
  "origin": "188.242.219.13", 
  "url": "https://httpbin.org/post"
}
